{
  "AppVersion": "1.0.0.0",
  "Title": "Workbench Dual 32:9 1080p",
  "Thumbnail": "h5swxya3.viy.jpg",
  "Preview": "c0uqmkl0.ypx.gif",
  "Desc": "Simple animated workbench wallpaper for a dual screen setup. The grid is scaled for 24\" screens to be used as ruler.",
  "Author": "@KsNewSpace",
  "License": null,
  "Contact": "x.com/@KsNewSpace",
  "Type": 7,
  "FileName": "workbench_gradient.mp4",
  "Arguments": null,
  "IsAbsolutePath": false,
  "Id": null,
  "Tags": null,
  "Version": 0
}